Time,AltitudeMeters,LatitudeDegrees,LongitudeDegrees,HeartRateBpm,SecondsFromStart,DistanceTraveled
2020-05-07T10:18:05Z,49,59.2171368,24.4689158,,0.0,0
2020-05-07T10:18:41Z,48,59.2168404,24.4687788,,36.0,111.14983717662959
2020-05-07T10:19:11Z,47,59.2119883,24.4646009,,66.0,2046.1414672529081
2020-05-07T10:19:42Z,49,59.2061624,24.4647517,,97.0,4172.358648679955
2020-05-07T10:20:13Z,51,59.201237,24.4677785,,128.0,6056.638387954719
2020-05-07T10:20:43Z,41,59.1991526,24.4691646,,158.0,6860.179384929914
2020-05-07T10:21:55Z,47,59.198883,24.4693908,,230.0,6967.25956725163
2020-05-07T10:22:26Z,49,59.1967681,24.4614386,,261.0,8641.75614607018
2020-05-07T10:22:57Z,46,59.1934951,24.4512167,,292.0,10894.739644210225
2020-05-07T10:23:28Z,45,59.1918105,24.4427012,,323.0,12600.878939485798
2020-05-07T10:23:58Z,45,59.1919296,24.4393385,,353.0,13230.878506627541
2020-05-07T10:24:35Z,50,59.1916476,24.4393691,,390.0,13333.946864811645
2020-05-07T10:25:31Z,56,59.1913778,24.4393845,,446.0,13432.446382206997
2020-05-07T10:26:01Z,57,59.1910745,24.4397149,,476.0,13559.190711734773
2020-05-07T10:27:09Z,54,59.1913118,24.4394136,,544.0,13662.488621112316
2020-05-07T10:27:39Z,53,59.1917208,24.4393525,,574.0,13812.18015148454
2020-05-07T10:29:53Z,52,59.1915744,24.43988,,708.0,13924.316862733627
2020-05-07T10:30:24Z,47,59.1908858,24.4422128,,739.0,14427.561824659531
2020-05-07T10:30:55Z,44,59.1905202,24.4447871,,770.0,14926.877237153702
2020-05-07T10:31:26Z,48,59.1896619,24.4453644,,801.0,15258.16034692059
2020-05-07T10:31:56Z,52,59.1883997,24.4441694,,831.0,15770.074339260826
2020-05-07T10:32:26Z,49,59.1871748,24.4435506,,861.0,16231.797231647917
2020-05-07T10:32:57Z,54,59.1857945,24.4412335,,892.0,16896.127143009766
2020-05-07T10:33:28Z,54,59.1846678,24.4399602,,923.0,17371.220551271876
2020-05-07T10:33:59Z,62,59.1833221,24.4378387,,954.0,18002.45635593781
2020-05-07T10:34:30Z,60,59.1818941,24.4338112,,985.0,18918.155279962513
2020-05-07T10:35:01Z,62,59.1813983,24.4328492,,1016.0,19173.270462495828
2020-05-07T10:35:32Z,60,59.1803402,24.4329087,,1047.0,19559.560547833564
2020-05-07T10:39:07Z,58,59.180298,24.4335409,,1262.0,19678.75945959636
2020-05-07T10:39:38Z,55,59.1794412,24.4398763,,1293.0,20903.85212086956
2020-05-07T10:40:08Z,59,59.1771267,24.4467367,,1323.0,22439.69371264126
2020-05-07T10:40:39Z,55,59.1742244,24.4483768,,1354.0,23542.33118762853
2020-05-07T10:41:10Z,57,59.1739905,24.4517781,,1385.0,24184.076501228214
2020-05-07T10:41:41Z,56,59.1737824,24.4577,,1416.0,25294.080435543478
2020-05-07T10:42:11Z,56,59.169958,24.4661951,,1446.0,27408.722221186876
2020-05-07T10:42:42Z,55,59.166343,24.4742819,,1477.0,29415.701472581837
2020-05-07T10:43:12Z,50,59.1614502,24.4730012,,1507.0,31217.217631831078
2020-05-07T10:43:42Z,54,59.1558907,24.4715461,,1537.0,33264.21375768101
2020-05-07T10:44:13Z,60,59.1531666,24.4728406,,1568.0,34287.39414916205
2020-05-07T10:44:43Z,55,59.1524032,24.4758859,,1598.0,34921.675037228095
2020-05-07T10:45:14Z,58,59.1522978,24.4763922,,1629.0,35023.923567194564
2020-05-07T10:47:03Z,59,59.1523182,24.4770501,,1738.0,35147.254281630914
2020-05-07T10:47:34Z,59,59.1538959,24.4857758,,1769.0,36878.502965039144
2020-05-07T10:48:05Z,62,59.1549087,24.4937368,,1800.0,38413.237246987075
2020-05-07T10:48:36Z,61,59.1561545,24.4923066,,1831.0,38940.770558223616
2020-05-07T10:49:17Z,64,59.1563776,24.491971,,1872.0,39043.58619580788
2020-05-07T10:49:48Z,62,59.1571965,24.4926524,,1903.0,39368.48243505316
2020-05-07T10:50:22Z,69,59.1568807,24.4924821,,1937.0,39488.04969102898
2020-05-07T10:50:53Z,61,59.1561656,24.4922386,,1968.0,39752.95614479735
2020-05-07T10:52:43Z,62,59.1563536,24.4926536,,2078.0,39856.56885667867
2020-05-07T10:53:14Z,72,59.1566518,24.4928142,,2109.0,39969.462204791766
2020-05-07T10:54:03Z,66,59.1563731,24.4926976,,2158.0,40073.48072922675
2020-05-07T10:54:35Z,67,59.1561647,24.4923617,,2190.0,40172.13829538091
2020-05-07T10:55:43Z,64,59.155831,24.4924766,,2258.0,40295.797577886005
2020-05-07T10:56:13Z,62,59.1546648,24.4960387,,2288.0,41086.56498521887
2020-05-07T10:56:44Z,58,59.1543015,24.5022854,,2319.0,42262.86413006321
2020-05-07T10:57:14Z,73,59.1541225,24.5033003,,2349.0,42463.68198815053
2020-05-07T10:57:44Z,75,59.1564647,24.5041462,,2379.0,43332.94487332553
2020-05-07T10:58:15Z,72,59.1565342,24.5051622,,2410.0,43524.719387532554
2020-05-07T10:58:45Z,72,59.1531294,24.5057841,,2440.0,44772.66098105801
2020-05-07T10:59:16Z,73,59.1491207,24.5054146,,2471.0,46237.17857285522
2020-05-07T10:59:47Z,67,59.14391,24.5053531,,2502.0,48138.7406431768
2020-05-07T11:00:17Z,66,59.138848,24.5019249,,2532.0,50094.28185837412
2020-05-07T11:00:47Z,70,59.1353594,24.4996463,,2562.0,51436.92861828749
2020-05-07T11:01:23Z,74,59.1351451,24.4993201,,2598.0,51536.151803713634
2020-05-07T11:01:54Z,78,59.1328942,24.4980788,,2629.0,52389.8088738192
2020-05-07T11:04:10Z,72,59.1331065,24.4984527,,2765.0,52494.22512622222
2020-05-07T11:04:41Z,64,59.1382046,24.5015558,,2796.0,54443.25208502858
2020-05-07T11:05:12Z,68,59.14475,24.5056174,,2827.0,56949.91550517047
2020-05-07T11:05:42Z,54,59.1512419,24.5053156,,2857.0,59319.66083643074
2020-05-07T11:06:12Z,68,59.1545726,24.5070434,,2887.0,60577.3866414639
2020-05-07T11:06:42Z,61,59.1582147,24.5048813,,2917.0,61966.68529960047
2020-05-07T11:07:13Z,61,59.1585619,24.5048693,,2948.0,62093.40779920713
2020-05-07T11:07:46Z,60,59.1588519,24.5048501,,2981.0,62199.29787356908
2020-05-07T11:08:16Z,55,59.1612557,24.5045815,,3011.0,63077.9483163987
2020-05-07T11:08:46Z,57,59.1671163,24.5036476,,3041.0,65223.764410754324
2020-05-07T11:09:17Z,63,59.1739024,24.5025066,,3072.0,67709.37493798493
2020-05-07T11:09:47Z,51,59.1804725,24.5013418,,3102.0,70116.85648393276
2020-05-07T11:10:18Z,53,59.182055,24.5013583,,3133.0,70694.36226098446
2020-05-07T11:10:52Z,51,59.1817457,24.5014573,,3167.0,70808.74198856363
2020-05-07T11:11:22Z,57,59.1789459,24.5018678,,3197.0,71833.34430905645
2020-05-07T11:11:53Z,52,59.176877,24.5022942,,3228.0,72592.54051916036
2020-05-07T11:12:23Z,64,59.1774661,24.5020209,,3258.0,72813.50936902229
2020-05-07T11:12:54Z,65,59.1758757,24.5021886,,3289.0,73394.73643747147
2020-05-07T11:13:24Z,63,59.1746868,24.5043123,,3319.0,73982.90259694049
2020-05-07T11:13:55Z,55,59.1771251,24.5102055,,3350.0,75399.26718210532
2020-05-07T11:14:50Z,61,59.1773161,24.5106009,,3405.0,75500.8757239266
2020-05-07T11:15:21Z,62,59.1785774,24.514832,,3436.0,76416.15857123215
2020-05-07T11:15:51Z,67,59.1794007,24.5200073,,3466.0,77429.3717404191
2020-05-07T11:16:22Z,71,59.1814663,24.5253187,,3497.0,78676.10787787773
2020-05-07T11:16:53Z,64,59.1818093,24.5319016,,3528.0,79913.18852595496
2020-05-07T11:17:23Z,65,59.1832268,24.5351291,,3558.0,80707.96401210556
2020-05-07T11:17:53Z,58,59.184005,24.5381271,,3588.0,81336.27563654291
2020-05-07T11:18:24Z,60,59.1848928,24.5388538,,3619.0,81687.58824814274
2020-05-07T11:18:54Z,56,59.185217,24.5401754,,3649.0,81961.5148390081
2020-05-07T11:19:25Z,57,59.1868052,24.539377,,3680.0,82560.00091080161
2020-05-07T11:19:56Z,64,59.188219,24.5389304,,3711.0,83082.64552978045
2020-05-07T11:20:27Z,60,59.1887324,24.5375593,,3742.0,83400.11217275863
2020-05-07T11:20:58Z,55,59.1897771,24.5378462,,3773.0,83785.10502806923
2020-05-07T11:21:29Z,57,59.1905458,24.5394297,,3804.0,84192.89521998225
2020-05-07T11:22:00Z,63,59.1907345,24.5400047,,3835.0,84320.53706562328
2020-05-07T11:35:39Z,68,59.1905909,24.5395589,,4654.0,84418.9700381091
2020-05-07T11:36:09Z,64,59.1899589,24.5383048,,4684.0,84747.8138489473
2020-05-07T11:36:40Z,54,59.189073,24.5375893,,4715.0,85097.67363090067
2020-05-07T11:37:10Z,55,59.1884882,24.538654,,4745.0,85389.47853843286
2020-05-07T11:37:40Z,49,59.1874046,24.5394319,,4775.0,85810.80113677218
2020-05-07T11:38:10Z,51,59.1855696,24.5401072,,4805.0,86492.23747341134
2020-05-07T11:38:40Z,56,59.1849117,24.5430564,,4835.0,87093.56611969523
2020-05-07T11:39:11Z,59,59.186146,24.5479887,,4866.0,88119.73919745786
2020-05-07T11:39:41Z,64,59.1865716,24.5537169,,4896.0,89201.73446164875
2020-05-07T11:40:12Z,56,59.1865236,24.5596643,,4927.0,90313.63218960754
2020-05-07T11:40:43Z,63,59.1865213,24.5623449,,4958.0,90814.72331606764
2020-05-07T11:41:13Z,57,59.1869961,24.5665072,,4988.0,91611.84498619293
2020-05-07T11:41:43Z,58,59.1859847,24.5723239,,5018.0,92760.1094056724
2020-05-07T11:42:14Z,60,59.184531,24.5783854,,5049.0,94011.27357757726
2020-05-07T11:42:44Z,51,59.1819707,24.5802275,,5079.0,95007.04400233028
2020-05-07T11:43:15Z,60,59.1794815,24.5836611,,5110.0,96119.36633899242
2020-05-07T11:43:46Z,70,59.1794047,24.5882377,,5141.0,96975.51630927206
2020-05-07T11:44:16Z,65,59.1804855,24.5919751,,5171.0,97777.91789688758
2020-05-07T11:44:46Z,62,59.1809169,24.5936726,,5201.0,98132.18995100462
2020-05-07T11:45:16Z,68,59.181148,24.5965503,,5231.0,98676.78077969883
2020-05-07T11:45:47Z,60,59.181319,24.5994414,,5262.0,99220.89440387371
2020-05-07T11:46:18Z,66,59.1814632,24.6011672,,5293.0,99547.81352048677
2020-05-07T11:46:49Z,61,59.1815078,24.602051,,5324.0,99713.8480634945
2020-05-07T11:47:19Z,65,59.1815272,24.6027142,,5354.0,99838.04195542117
2020-05-07T11:49:15Z,68,59.1815186,24.6032522,,5470.0,99938.67516782736
2020-05-07T11:49:46Z,58,59.181661,24.6054428,,5501.0,100351.5115490254
2020-05-07T11:50:17Z,70,59.1818202,24.6103796,,5532.0,101276.31417734739
2020-05-07T11:51:50Z,75,59.1816062,24.6108513,,5625.0,101394.1102110133
2020-05-07T11:52:21Z,81,59.1780024,24.6181539,,5656.0,103289.8320271792
2020-05-07T11:52:52Z,74,59.1726635,24.6217237,,5687.0,105349.3248017428
2020-05-07T11:53:23Z,70,59.1704131,24.624774,,5718.0,106349.24248673892
2020-05-07T11:53:53Z,72,59.171803,24.6330949,,5748.0,107985.96299488962
2020-05-07T11:54:24Z,65,59.1738673,24.6421764,,5779.0,109843.84599320343
2020-05-07T11:54:55Z,66,59.1747653,24.6459634,,5810.0,110624.15884526681
2020-05-07T11:56:51Z,72,59.1748775,24.6465744,,5926.0,110745.5286656278
2020-05-07T11:57:21Z,64,59.1773668,24.6472985,,5956.0,111663.97764597925
2020-05-07T11:57:52Z,57,59.1819194,24.6473405,,5987.0,113325.36472265817
2020-05-07T11:58:22Z,67,59.1868328,24.6479557,,6017.0,115122.0836362461
2020-05-07T11:58:53Z,68,59.1908801,24.6490089,,6048.0,116612.11638728176
2020-05-07T11:59:23Z,68,59.1929905,24.6535182,,6078.0,117753.79566199638
2020-05-07T11:59:54Z,69,59.1934287,24.6607289,,6109.0,119110.8982210857
2020-05-07T12:00:25Z,74,59.1934544,24.6628364,,6140.0,119504.88963837331
2020-05-07T12:00:56Z,67,59.1968972,24.6659894,,6171.0,120892.57975162723
2020-05-07T12:01:27Z,73,59.1978754,24.6669654,,6202.0,121293.44662795373
2020-05-07T12:01:57Z,71,59.1974666,24.666661,,6232.0,121453.10618801326
2020-05-07T12:02:28Z,63,59.19653,24.6654147,,6263.0,121866.70570555225
2020-05-07T12:07:18Z,70,59.1967394,24.6657552,,6553.0,121966.14633110439
2020-05-07T12:07:49Z,66,59.2018138,24.6688674,,6584.0,123907.10529675959
2020-05-07T12:08:20Z,62,59.2067589,24.6650007,,6615.0,125850.94232185517
2020-05-07T12:08:51Z,68,59.2107055,24.6622825,,6646.0,127378.06060360333
2020-05-07T12:09:21Z,62,59.2147733,24.6622639,,6676.0,128862.5163596286
2020-05-07T12:09:51Z,65,59.2182348,24.6660191,,6706.0,130307.35510360578
2020-05-07T12:10:21Z,68,59.2209974,24.670981,,6736.0,131676.67096129112
2020-05-07T12:10:51Z,53,59.224991,24.6735902,,6766.0,133213.33140946412
2020-05-07T12:11:22Z,59,59.2289282,24.6784264,,6797.0,134910.30793030886
2020-05-07T12:11:53Z,63,59.233194,24.6816187,,6828.0,136577.19510417047
2020-05-07T12:12:24Z,64,59.2354525,24.6852548,,6859.0,137644.89949760603
2020-05-07T12:12:55Z,59,59.2374833,24.685961,,6890.0,138397.62602677953
2020-05-07T12:13:26Z,61,59.2381892,24.6861107,,6921.0,138656.73906834604
2020-05-07T12:14:21Z,59,59.2384603,24.6860084,,6976.0,138757.49664013428
2020-05-07T12:14:51Z,62,59.2398532,24.6860574,,7006.0,139265.88621852564
2020-05-07T12:15:51Z,61,59.2401288,24.6859829,,7066.0,139367.4163903928
2020-05-07T12:16:21Z,62,59.2428874,24.6861328,,7096.0,140374.49379482385
2020-05-07T12:16:52Z,66,59.2466703,24.6866187,,7127.0,141757.95240406357
2020-05-07T12:17:23Z,66,59.250662,24.6871768,,7158.0,143218.35072997087
2020-05-07T12:17:54Z,69,59.2510983,24.6879533,,7189.0,143433.61874774063
2020-05-07T12:18:51Z,69,59.2513543,24.6881761,,7246.0,143535.87107516787
2020-05-07T12:19:22Z,65,59.2552388,24.6962218,,7277.0,145600.49226469308
2020-05-07T12:19:52Z,71,59.2573669,24.7079972,,7307.0,147930.43298377015
2020-05-07T12:20:23Z,65,59.2624898,24.7181995,,7338.0,150598.11777621313
2020-05-07T12:20:54Z,65,59.2672591,24.7292121,,7369.0,153290.25723593892
2020-05-07T12:21:24Z,70,59.2686941,24.7406056,,7399.0,155478.57234486938
2020-05-07T12:21:55Z,67,59.2699076,24.7406514,,7430.0,155921.4940933018
2020-05-07T12:39:43Z,71,59.2696839,24.7410138,,8498.0,156027.4703055949
2020-05-07T12:40:14Z,74,59.2640242,24.7409004,,8529.0,158092.95819542676
2020-05-07T12:40:45Z,82,59.2569324,24.7408371,,8560.0,160680.97726834516
2020-05-07T12:41:15Z,88,59.2513593,24.7418233,,8590.0,162723.05951504628
2020-05-07T12:41:46Z,78,59.2462436,24.734819,,8621.0,165001.93225203166
2020-05-07T12:42:16Z,79,59.240257,24.729058,,8651.0,167436.82501745428
2020-05-07T12:42:47Z,73,59.2351312,24.7243514,,8682.0,169503.39117403133
2020-05-07T12:43:17Z,67,59.2318911,24.7184874,,8712.0,171114.71344055404
2020-05-07T12:43:47Z,66,59.2294036,24.7143421,,8742.0,172307.57858883683
2020-05-07T12:44:18Z,72,59.2270841,24.712779,,8773.0,173202.92485224173
2020-05-07T12:46:26Z,65,59.2269113,24.7133104,,8901.0,173320.4862022322
2020-05-07T12:46:57Z,76,59.2255837,24.7148822,,8932.0,173886.92075246872
2020-05-07T12:47:27Z,66,59.2233431,24.7130444,,8962.0,174773.6689393586
2020-05-07T12:47:57Z,68,59.2199291,24.7126959,,8992.0,176021.22967099748
2020-05-07T12:48:28Z,72,59.2152468,24.7168448,,9023.0,177897.41167676833
2020-05-07T12:48:58Z,69,59.2110903,24.7201053,,9053.0,179531.92907596577
2020-05-07T12:49:28Z,68,59.2108124,24.7204442,,9083.0,179651.4792814682
2020-05-07T12:49:59Z,69,59.210079,24.7211509,,9114.0,179949.90380317325
2020-05-07T12:50:30Z,70,59.2085635,24.7198417,,9145.0,180554.6146003453
2020-05-07T12:51:01Z,75,59.2073628,24.720821,,9176.0,181029.44221085924
2020-05-07T12:51:32Z,76,59.2079072,24.7243165,,9207.0,181712.0113222326
2020-05-07T12:52:03Z,78,59.2055459,24.7256179,,9238.0,182607.35726037892
2020-05-07T12:52:33Z,67,59.2043122,24.7235192,,9268.0,183204.37892381533
2020-05-07T12:53:03Z,65,59.2034033,24.7219867,,9298.0,183642.5537611166
2020-05-07T12:53:34Z,72,59.2030382,24.7221424,,9329.0,183778.92761266892
2020-05-07T12:54:50Z,73,59.2030978,24.7216145,,9405.0,183879.93104119797
2020-05-07T12:55:21Z,72,59.2018396,24.714543,,9436.0,185278.71110980207
2020-05-07T12:55:51Z,64,59.199854,24.7108488,,9466.0,186279.47343099382
2020-05-07T12:56:22Z,65,59.1949464,24.7053626,,9497.0,188343.0781139699
2020-05-07T12:56:53Z,69,59.1930659,24.7033776,,9528.0,189123.1800128005
2020-05-07T12:57:23Z,70,59.1902289,24.7079845,,9558.0,190469.74941224803
2020-05-07T12:57:54Z,73,59.1846385,24.7148874,,9589.0,192883.65594457666
2020-05-07T12:58:24Z,77,59.1808968,24.722654,,9619.0,194876.82359888166
2020-05-07T12:58:55Z,73,59.1776256,24.72769,,9650.0,196397.22919605442
2020-05-07T12:59:26Z,77,59.1741069,24.7332026,,9681.0,198043.85978860172
2020-05-07T12:59:56Z,83,59.1700929,24.7376262,,9711.0,199726.13692976403
2020-05-07T13:00:27Z,82,59.1699533,24.7329003,,9742.0,200611.45328730583
2020-05-07T13:00:58Z,78,59.1695925,24.7245685,,9773.0,202175.25105271896
2020-05-07T13:01:29Z,78,59.1689429,24.7151981,,9804.0,203943.72518663408
2020-05-07T13:02:00Z,76,59.1680901,24.7077192,,9835.0,205376.71082361948
2020-05-07T13:02:31Z,81,59.1641609,24.7075217,,9866.0,206811.05935291367
2020-05-07T13:03:01Z,81,59.1574163,24.7089703,,9896.0,209287.2223015317
2020-05-07T13:03:32Z,89,59.1548327,24.7146602,,9927.0,210709.27511610443
2020-05-07T13:04:03Z,88,59.1546589,24.7173846,,9958.0,211222.957176484
2020-05-07T13:04:59Z,87,59.1548294,24.7167998,,10014.0,211348.82959774885
2020-05-07T13:05:30Z,96,59.156015,24.7094299,,10045.0,212794.03808639673
2020-05-07T13:06:00Z,91,59.157226,24.7034884,,10075.0,213990.2903023508
2020-05-07T13:06:31Z,94,59.1584423,24.692648,,10106.0,216066.4132547552
2020-05-07T13:07:02Z,90,59.1586251,24.6842778,,10137.0,217633.77469844455
2020-05-07T13:07:32Z,86,59.1581503,24.6766094,,10167.0,219078.8507240417
2020-05-07T13:08:03Z,91,59.1584251,24.6694747,,10198.0,220417.41936980037
2020-05-07T13:08:34Z,89,59.1602448,24.6688294,,10229.0,221092.36207810513
2020-05-07T13:09:04Z,87,59.1617063,24.668378,,10259.0,221632.3470725469
2020-05-07T13:09:35Z,90,59.1602184,24.6618464,,10290.0,222969.4378513774
2020-05-07T13:10:05Z,86,59.1592186,24.6586884,,10320.0,223663.81340305842
2020-05-07T13:10:36Z,85,59.1589779,24.6582212,,10351.0,223787.72950759428
2020-05-07T13:13:06Z,89,59.1589564,24.6576389,,10501.0,223896.94995702262
2020-05-07T13:13:55Z,90,59.1590442,24.6571413,,10550.0,223995.4016652166
2020-05-07T13:14:26Z,88,59.1596325,24.6506029,,10581.0,225237.30838131398
2020-05-07T13:14:57Z,86,59.1582081,24.6505621,,10612.0,225757.1671773291
2020-05-07T13:16:09Z,87,59.1579217,24.6508747,,10684.0,225876.93277087578
2020-05-07T13:16:40Z,87,59.1555078,24.6525978,,10715.0,226814.96957467738
2020-05-07T13:17:10Z,85,59.1504071,24.6529893,,10745.0,228677.79572547064
2020-05-07T13:17:41Z,83,59.1429758,24.6536062,,10776.0,231392.1372128282
2020-05-07T13:18:11Z,73,59.1360608,24.6597402,,10806.0,234164.55898842003
2020-05-07T13:18:42Z,72,59.1307564,24.665639,,10837.0,236393.16631862384
2020-05-07T13:19:13Z,80,59.1298293,24.6667481,,10868.0,236790.14123153
2020-05-07T13:19:50Z,82,59.1295617,24.6671434,,10905.0,236912.6771739244
2020-05-07T13:20:20Z,78,59.1240568,24.6740938,,10935.0,239306.33484202574
2020-05-07T13:20:51Z,80,59.1183758,24.6795867,,10966.0,241620.70554447002
2020-05-07T13:21:21Z,84,59.1178639,24.6717551,,10996.0,243099.4598536835
2020-05-07T13:21:52Z,83,59.1181858,24.6682072,,11027.0,243774.30820681213
2020-05-07T13:23:03Z,82,59.1180966,24.6689034,,11098.0,243908.7117565808
2020-05-07T13:23:34Z,84,59.1179872,24.6695498,,11129.0,244036.19874434223
2020-05-07T13:25:55Z,83,59.1180945,24.6689297,,11270.0,244158.77033056147
2020-05-07T13:26:25Z,85,59.1190417,24.6574632,,11300.0,246334.1270214538
2020-05-07T13:26:56Z,86,59.1161873,24.6477408,,11331.0,248432.08122710907
2020-05-07T13:27:26Z,83,59.1113274,24.639349,,11361.0,250802.02618544523
2020-05-07T13:27:57Z,84,59.1105941,24.6380478,,11392.0,251164.01530393556
2020-05-07T13:28:52Z,84,59.1105862,24.6373926,,11447.0,251286.7993499196
2020-05-07T13:29:22Z,81,59.1088451,24.6327522,,11477.0,252363.61823085893
2020-05-07T13:29:53Z,79,59.105078,24.6356073,,11508.0,253838.75329708075
2020-05-07T13:30:23Z,81,59.1010671,24.6312245,,11538.0,255517.11312976613
2020-05-07T13:30:54Z,79,59.0972538,24.6321393,,11569.0,256919.21191456117
2020-05-07T13:31:24Z,77,59.0940166,24.6345365,,11599.0,258183.11316061224
2020-05-07T13:31:54Z,78,59.0913747,24.6366222,,11629.0,259223.4676788515
2020-05-07T13:32:25Z,76,59.0888745,24.6320812,,11660.0,260471.30137784925
2020-05-07T13:32:55Z,76,59.0858257,24.6304469,,11690.0,261625.30857732607
2020-05-07T13:33:26Z,77,59.0815516,24.6308216,,11721.0,263186.6262114591
2020-05-07T13:33:57Z,86,59.0803723,24.6229455,,11752.0,264724.895172459
2020-05-07T13:34:28Z,78,59.0822362,24.6142217,,11783.0,266496.4548819699
2020-05-07T13:34:58Z,80,59.081867,24.6077171,,11813.0,267723.5084038328
2020-05-07T13:35:28Z,85,59.0810655,24.6040643,,11843.0,268468.2706089135
2020-05-07T13:36:37Z,83,59.0810704,24.603506,,11912.0,268572.9723455736
2020-05-07T13:37:08Z,84,59.0794078,24.5963678,,11943.0,270042.5711466123
2020-05-07T13:37:39Z,74,59.077086,24.5911828,,11974.0,271332.25704340177
2020-05-07T13:38:10Z,81,59.0748259,24.5835944,,12005.0,272977.0890444055
2020-05-07T13:38:41Z,79,59.0729302,24.5775559,,12036.0,274304.1735454441
2020-05-07T13:39:50Z,80,59.0731482,24.5779396,,12105.0,274411.4471005086
2020-05-07T13:40:20Z,78,59.0754002,24.5875987,,12135.0,276400.6685696847
2020-05-07T13:40:51Z,68,59.0794682,24.5946123,,12166.0,278384.0236439173
2020-05-07T13:41:22Z,67,59.0810407,24.602885,,12197.0,280038.0031569576
2020-05-07T13:41:52Z,81,59.0824933,24.6115062,,12227.0,281739.2167142936
2020-05-07T13:42:23Z,74,59.0805157,24.6205776,,12258.0,283586.9279628574
2020-05-07T13:42:53Z,76,59.0807335,24.6296408,,12288.0,285288.2366668004
2020-05-07T13:43:24Z,76,59.0787518,24.6315801,,12319.0,286097.69676554744
2020-05-07T13:43:55Z,77,59.0755926,24.6357189,,12350.0,287487.4941499765
2020-05-07T13:44:26Z,90,59.0764061,24.647362,,12381.0,289691.088184139
2020-05-07T13:44:56Z,81,59.0783806,24.6577345,,12411.0,291765.4002951035
2020-05-07T13:45:27Z,81,59.0770766,24.6687838,,12442.0,293891.38364025834
2020-05-07T13:45:58Z,78,59.0777843,24.6777488,,12473.0,295592.2983427293
2020-05-07T13:46:29Z,79,59.0741113,24.6806648,,12504.0,297039.94015758287
2020-05-07T13:47:00Z,78,59.0676282,24.6839552,,12535.0,299484.97320717276
2020-05-07T13:47:31Z,81,59.06629,24.6852864,,12566.0,300033.46106300445
2020-05-07T13:48:40Z,84,59.0666375,24.685029,,12635.0,300169.1552166224
2020-05-07T13:49:11Z,84,59.0728931,24.6813068,,12666.0,302556.37239679944
2020-05-07T13:49:42Z,84,59.0800624,24.6774843,,12697.0,305269.0759809646
2020-05-07T13:50:12Z,85,59.0859696,24.6747905,,12727.0,307483.15524556173
2020-05-07T13:50:43Z,78,59.0901988,24.6807818,,12758.0,309391.9483254161
2020-05-07T13:51:13Z,79,59.0903465,24.6870698,,12788.0,310571.91868401
2020-05-07T13:51:44Z,84,59.0902818,24.6958317,,12819.0,312214.5784590163
2020-05-07T13:52:14Z,89,59.0927974,24.6960992,,12849.0,313133.9582754971
2020-05-07T13:52:45Z,87,59.0974534,24.6984326,,12880.0,314888.4455886231
2020-05-07T13:53:15Z,86,59.0997163,24.6997738,,12910.0,315751.6472406057
2020-05-07T13:53:46Z,84,59.1003706,24.6986896,,12941.0,316065.1692026164
2020-05-07T13:54:16Z,90,59.1022691,24.7011216,,12971.0,316894.44720508443
2020-05-07T13:54:47Z,85,59.1060552,24.7089338,,13002.0,318907.37444095593
2020-05-07T13:55:18Z,79,59.1066112,24.7147766,,13033.0,320020.7872996385
2020-05-07T13:55:48Z,87,59.1051907,24.7184403,,13063.0,320881.0023834479
2020-05-07T13:56:19Z,83,59.1038462,24.7192475,,13094.0,321394.43210040167
2020-05-07T13:56:50Z,84,59.1038494,24.719841,,13125.0,321505.6509110322
2020-05-07T13:57:21Z,,59.1037923,24.7206733,,13156.0,321662.9966816961
2020-05-07T13:57:52Z,89,59.1039045,24.718904,,13187.0,321997.0543653663
2020-05-07T13:58:23Z,88,59.1060172,24.7163785,,13218.0,322901.6835227513
2020-05-07T13:58:53Z,86,59.1066026,24.7100456,,13248.0,324107.3608656232
2020-05-07T13:59:24Z,84,59.1025805,24.701656,,13279.0,326258.1018269963
2020-05-07T13:59:55Z,81,59.0997507,24.6991867,,13310.0,327389.71246102185
2020-05-07T14:00:26Z,82,59.098802,24.7081111,,13341.0,329097.68351631257
2020-05-07T14:00:56Z,79,59.0947289,24.7122535,,13371.0,330774.6182226026
2020-05-07T14:01:26Z,80,59.0912358,24.7157652,,13401.0,332209.2675802904
2020-05-07T14:01:57Z,95,59.0915032,24.7170662,,13432.0,332471.9414189018
2020-05-07T14:13:29Z,96,59.0912869,24.7167236,,14124.0,332573.700796054
2020-05-07T14:14:00Z,88,59.0904689,24.7183249,,14155.0,332997.03482903715
2020-05-07T14:14:31Z,82,59.0901412,24.7201154,,14186.0,333353.3463375728
2020-05-07T14:15:02Z,84,59.0890972,24.7254622,,14217.0,334425.63268705684
2020-05-07T14:15:32Z,87,59.0873608,24.7281551,,14247.0,335235.8086502596
2020-05-07T14:22:23Z,92,59.0876065,24.7277063,,14658.0,335358.76650510146
2020-05-07T14:22:54Z,89,59.0895885,24.7236306,,14689.0,336410.87538885366
2020-05-07T14:23:25Z,85,59.0904175,24.7185923,,14720.0,337402.6225091433
2020-05-07T14:23:56Z,90,59.092739,24.7217342,,14751.0,338434.40641027613
2020-05-07T14:24:27Z,90,59.0941377,24.7323769,,14782.0,340493.55137414986
2020-05-07T14:24:58Z,90,59.0947656,24.7436628,,14813.0,342621.30471104855
2020-05-07T14:25:29Z,89,59.0927791,24.750037,,14844.0,344018.80601672543
2020-05-07T14:26:00Z,83,59.0873934,24.752116,,14875.0,346022.46367204166
2020-05-07T14:26:31Z,90,59.0857608,24.7526612,,14906.0,346626.9484838667
2020-05-07T14:27:01Z,89,59.0855191,24.7538124,,14936.0,346860.10705092154
2020-05-07T14:27:46Z,89,59.0852989,24.7542659,,14981.0,346977.0956058421
2020-05-07T14:28:17Z,82,59.0808245,24.7560311,,15012.0,348643.13266536896
2020-05-07T14:28:47Z,87,59.0741445,24.7596156,,15042.0,351171.8281960023
2020-05-07T14:29:18Z,85,59.0718212,24.7608876,,15073.0,352052.58924824616
2020-05-07T14:29:48Z,86,59.0704409,24.7671296,,15103.0,353327.1172722496
2020-05-07T14:30:19Z,87,59.0703243,24.7808322,,15134.0,355897.6266066848
2020-05-07T14:30:50Z,93,59.0695975,24.7943946,,15165.0,358455.3072580501
2020-05-07T14:31:20Z,87,59.0713507,24.8029337,,15195.0,360180.01449743134
2020-05-07T14:31:51Z,83,59.0730078,24.8077755,,15226.0,361271.0509541749
2020-05-07T14:32:22Z,92,59.0772839,24.8025389,,15257.0,363114.83265186753
2020-05-07T14:32:52Z,93,59.084133,24.8021433,,15287.0,365615.3574777397
2020-05-07T14:33:23Z,85,59.091553,24.8019709,,15318.0,368323.31168815045
2020-05-07T14:33:53Z,92,59.09851,24.8008707,,15348.0,370870.47264681116
2020-05-07T14:34:24Z,99,59.1052705,24.7989362,,15379.0,373364.0562041916
2020-05-07T14:34:55Z,95,59.1118461,24.7946934,,15410.0,375891.9140151103
2020-05-07T14:35:25Z,91,59.1163682,24.7914036,,15440.0,377653.4694596828
2020-05-07T14:35:55Z,94,59.119346,24.7888986,,15470.0,378837.1202303091
2020-05-07T14:36:26Z,93,59.1254524,24.7858021,,15501.0,381139.73674147495
2020-05-07T14:36:56Z,88,59.131467,24.7834602,,15531.0,383378.0066969426
2020-05-07T14:37:27Z,85,59.1349493,24.7822699,,15562.0,384668.18573532824
2020-05-07T14:38:22Z,81,59.1346252,24.7821517,,15617.0,384788.5113082534
2020-05-07T14:38:53Z,82,59.1294997,24.7846773,,15648.0,386717.79430116044
2020-05-07T14:39:24Z,85,59.1273868,24.7781556,,15679.0,388162.0324450472
2020-05-07T14:39:55Z,85,59.124749,24.7701398,,15710.0,389945.23007633904
2020-05-07T14:40:26Z,78,59.121284,24.763592,,15741.0,391706.65777961956
2020-05-07T14:40:57Z,76,59.1183357,24.7597594,,15772.0,393000.05656866694
2020-05-07T14:41:28Z,79,59.1178183,24.7592958,,15803.0,393207.8807326341
2020-05-07T14:42:07Z,81,59.1181157,24.7595505,,15842.0,393326.4329023176
2020-05-07T14:42:38Z,84,59.1204608,24.7624819,,15873.0,394343.2098633384
2020-05-07T14:43:08Z,83,59.1216086,24.7580184,,15903.0,395278.24622844276
2020-05-07T14:43:39Z,80,59.123218,24.7531849,,15934.0,396357.3113265373
2020-05-07T14:44:10Z,86,59.1251014,24.7509514,,15965.0,397161.8862454413
2020-05-07T14:44:41Z,93,59.1254032,24.7508244,,15996.0,397274.55968395376
2020-05-07T14:46:15Z,83,59.1256578,24.7505793,,16090.0,397378.18878999224
2020-05-07T14:46:45Z,85,59.1264096,24.7488076,,16120.0,397808.70374356804
2020-05-07T14:47:16Z,76,59.127488,24.7469189,,16151.0,398337.81371442036
2020-05-07T14:47:46Z,75,59.1286257,24.7449264,,16181.0,398896.003539732
2020-05-07T14:48:17Z,83,59.1304974,24.7437059,,16212.0,399616.25541279657
2020-05-07T14:48:47Z,82,59.1335124,24.7428154,,16242.0,400729.07255077607
2020-05-07T14:49:18Z,86,59.1341059,24.7473741,,16273.0,401609.6066412825
2020-05-07T14:49:48Z,86,59.1359537,24.7537746,,16303.0,402984.5718588611
2020-05-07T14:50:19Z,88,59.1361064,24.7542558,,16334.0,403090.49859622336
2020-05-07T14:52:24Z,85,59.1362806,24.7546729,,16459.0,403191.1882231963
2020-05-07T14:52:54Z,85,59.1365923,24.7554585,,16489.0,403377.11263988155
2020-05-07T14:53:25Z,86,59.1371925,24.7569481,,16520.0,403731.70527406415
2020-05-07T14:53:55Z,83,59.1375286,24.7577925,,16550.0,403931.78121080075
2020-05-07T14:54:25Z,83,59.1404546,24.7628568,,16580.0,405359.6633748689
2020-05-07T14:54:56Z,88,59.1454748,24.7586919,,16611.0,407350.62980734004
2020-05-07T14:55:26Z,86,59.149239,24.7569579,,16641.0,408762.1002961493
2020-05-07T14:55:56Z,86,59.1528079,24.7574639,,16671.0,410067.9270852784
2020-05-07T14:56:27Z,87,59.1545347,24.756432,,16702.0,410727.00036785257
2020-05-07T14:56:57Z,80,59.1567148,24.7608017,,16732.0,411867.77872888336
2020-05-07T14:57:28Z,78,59.1588847,24.7642042,,16763.0,412883.7801673544
2020-05-07T14:57:59Z,78,59.1625806,24.7590039,,16794.0,414546.7590192422
2020-05-07T14:58:30Z,84,59.1662255,24.7559471,,16825.0,415994.5734928722
2020-05-07T14:59:00Z,79,59.168757,24.7624348,,16855.0,417519.64961859345
2020-05-07T14:59:30Z,87,59.1706298,24.7706591,,16885.0,419202.7926350974
2020-05-07T15:00:01Z,83,59.1726314,24.7734369,,16916.0,420099.12237378326
2020-05-07T15:00:32Z,73,59.1790055,24.7794374,,16947.0,422681.6860333712
2020-05-07T15:01:02Z,77,59.1844562,24.7847784,,16977.0,424907.3656265565
2020-05-07T15:01:33Z,73,59.1916287,24.7878012,,17008.0,427585.1005807024
2020-05-07T15:02:04Z,70,59.1984588,24.784591,,17039.0,430148.77719919034
2020-05-07T15:02:35Z,77,59.2048356,24.7814942,,17070.0,432546.70743924234
2020-05-07T15:03:06Z,75,59.2117865,24.7782672,,17101.0,435153.9339121497
2020-05-07T15:03:37Z,72,59.2184051,24.7764804,,17132.0,437592.18974702776
2020-05-07T15:04:08Z,63,59.224618,24.7773444,,17163.0,439865.1807761533
2020-05-07T15:04:39Z,74,59.2301328,24.7753399,,17194.0,441912.18629157136
2020-05-07T15:05:10Z,89,59.2317198,24.7827829,,17225.0,443417.57370715466
2020-05-07T15:05:41Z,85,59.2330561,24.7904852,,17256.0,444935.8916456705
2020-05-07T15:06:11Z,87,59.2335998,24.7938303,,17286.0,445591.10538354074
2020-05-07T15:06:41Z,70,59.2346755,24.7946474,,17316.0,446012.2498445236
2020-05-07T15:07:12Z,50,59.2355253,24.7952695,,17347.0,446343.3941796522
2020-05-07T15:07:42Z,55,59.2374892,24.7968464,,17377.0,447118.1644285205
2020-05-07T15:08:12Z,70,59.2389319,24.7979433,,17407.0,447683.05260341195
2020-05-07T15:08:42Z,73,59.2398573,24.8013243,,17437.0,448398.77244370943
2020-05-07T15:09:13Z,75,59.239992,24.804828,,17468.0,449054.54796561424
2020-05-07T15:23:04Z,73,59.2399536,24.8053694,,18299.0,449156.5617285059
2020-05-07T15:23:35Z,72,59.2396634,24.8057101,,18330.0,449280.087881216
2020-05-07T15:24:05Z,66,59.2377772,24.8074562,,18360.0,450041.6690790753
2020-05-07T15:24:36Z,67,59.23501,24.8098472,,18391.0,451145.72370085673
2020-05-07T15:25:06Z,60,59.2331516,24.8115027,,18421.0,451890.9971231199
2020-05-07T15:25:37Z,68,59.2312618,24.8132372,,18452.0,452652.8696443985
2020-05-07T15:26:08Z,73,59.2307944,24.8193878,,18483.0,453813.7164975905
2020-05-07T15:26:39Z,75,59.2306065,24.8295913,,18514.0,455719.84661938966
2020-05-07T15:27:09Z,70,59.2293423,24.8333549,,18544.0,456560.4079151013
2020-05-07T15:27:39Z,64,59.2252936,24.8328617,,18574.0,458040.7563116659
2020-05-07T15:28:10Z,63,59.2212508,24.8324196,,18605.0,459518.39268867247
2020-05-07T15:28:40Z,67,59.2176848,24.831876,,18635.0,460823.6776247155
2020-05-07T15:29:43Z,69,59.2174101,24.8319041,,18698.0,460924.0602056409
2020-05-07T15:30:13Z,66,59.2156859,24.8315075,,18728.0,461557.6130272968
2020-05-07T15:30:43Z,66,59.2130576,24.8284988,,18758.0,462669.2564535925
2020-05-07T15:31:14Z,67,59.2098201,24.8282819,,18789.0,463851.40348995174
2020-05-07T15:31:44Z,75,59.2069388,24.8305884,,18819.0,464987.7308108418
2020-05-07T15:32:14Z,66,59.2033287,24.8302677,,18849.0,466306.51703614806
2020-05-07T15:32:45Z,72,59.1993375,24.8297379,,18880.0,467766.37559058773
2020-05-07T15:33:15Z,69,59.1963943,24.8305039,,18910.0,468849.9264998921
2020-05-07T15:33:45Z,73,59.1939376,24.8310924,,18940.0,469753.1646408633
2020-05-07T15:34:16Z,78,59.1894359,24.831122,,18971.0,471395.96765593183
2020-05-07T15:34:46Z,82,59.1846006,24.8341315,,19001.0,473248.0089646206
2020-05-07T15:35:17Z,85,59.1863732,24.8450748,,19032.0,475393.5624800178
2020-05-07T15:35:48Z,75,59.1876531,24.8530323,,19063.0,476952.6603627538
2020-05-07T15:36:18Z,75,59.1837371,24.8546716,,19093.0,478414.2037210786
2020-05-07T15:36:49Z,73,59.1817677,24.8535819,,19124.0,479161.20799968886
2020-05-07T15:37:19Z,75,59.1805076,24.8526801,,19154.0,479650.9876180128
2020-05-07T15:37:50Z,79,59.1812663,24.8528751,,19185.0,479930.24791049317
2020-05-07T15:40:05Z,78,59.1809697,24.8529316,,19320.0,480038.9994102827
2020-05-07T15:40:36Z,75,59.1774281,24.8479944,,19351.0,481627.2427145518
2020-05-07T15:41:07Z,81,59.1738008,24.8450998,,19382.0,483057.3316643096
2020-05-07T15:41:38Z,83,59.1679257,24.8499196,,19413.0,485383.0945592811
2020-05-07T15:42:09Z,81,59.167875,24.8508689,,19444.0,485561.60766699165
2020-05-07T15:42:39Z,75,59.1679882,24.8518985,,19474.0,485758.5588983843
2020-05-07T15:43:10Z,79,59.1682725,24.8521543,,19505.0,485872.80785285524
2020-05-07T15:43:47Z,82,59.1679846,24.851871,,19542.0,485990.47567277664
2020-05-07T15:44:17Z,77,59.1653186,24.8500636,,19572.0,487020.4322342449
2020-05-07T15:44:48Z,80,59.1583385,24.8513464,,19603.0,489578.9405750108
2020-05-07T15:45:19Z,84,59.1512326,24.8519493,,19634.0,492174.5306766915
2020-05-07T15:45:49Z,82,59.144652,24.8501363,,19664.0,494599.8220680068
2020-05-07T15:46:19Z,82,59.1415232,24.8506862,,19694.0,495746.2365121615
2020-05-07T15:46:50Z,80,59.1393489,24.85778,,19725.0,497293.0915415476
2020-05-07T15:47:21Z,73,59.1383765,24.8628343,,19756.0,498303.57762860256
2020-05-07T15:48:33Z,74,59.138249,24.8635218,,19828.0,498440.4272107411
2020-05-07T15:49:04Z,81,59.1362695,24.8732264,,19859.0,500395.49331375444
2020-05-07T15:49:34Z,86,59.1331098,24.8845509,,19889.0,502808.8881080559
2020-05-07T15:50:05Z,81,59.1297328,24.8971402,,19920.0,505468.74055364885
2020-05-07T15:50:35Z,77,59.1274843,24.9092727,,19950.0,507884.1799616365
2020-05-07T15:51:06Z,80,59.1273324,24.9102195,,19981.0,508069.9372279844
2020-05-07T15:52:13Z,82,59.1276487,24.910586,,20048.0,508204.224806554
2020-05-07T15:52:44Z,85,59.1309722,24.9165661,,20079.0,509854.9212561945
2020-05-07T15:53:15Z,81,59.1343307,24.9225342,,20110.0,511513.4366420954
2020-05-07T15:53:46Z,84,59.1361888,24.9258579,,20141.0,512433.74187037075
2020-05-07T15:54:17Z,82,59.1352679,24.9241843,,20172.0,512893.2018618781
2020-05-07T15:55:31Z,80,59.1350195,24.9245,,20246.0,513001.4155715591
2020-05-07T15:56:01Z,82,59.1346125,24.9292259,,20276.0,513898.55470796133
2020-05-07T15:56:31Z,81,59.1347613,24.9331651,,20306.0,514638.03101275204
2020-05-07T15:57:02Z,79,59.1306307,24.9350535,,20337.0,516186.3092372461
2020-05-07T15:57:32Z,78,59.1269724,24.9396567,,20367.0,517775.3975414432
2020-05-07T15:58:03Z,82,59.1251751,24.9472448,,20398.0,519340.43281318125
2020-05-07T15:58:33Z,80,59.1220902,24.9487715,,20428.0,520501.93742241117
2020-05-07T15:59:03Z,80,59.1220779,24.9499328,,20458.0,520719.4774622748
2020-05-07T15:59:33Z,80,59.1264266,24.9560138,,20488.0,522672.7616605032
2020-05-07T16:00:04Z,80,59.130969,24.9621484,,20519.0,524689.5137804741
2020-05-07T16:00:35Z,78,59.1352934,24.9681657,,20550.0,526628.4738512974
2020-05-07T16:01:06Z,72,59.1389138,24.9731348,,20581.0,528244.2858955283
2020-05-07T16:01:37Z,77,59.1405497,24.9753096,,20612.0,528966.86349001
2020-05-07T16:02:47Z,86,59.1407958,24.9755887,,20682.0,529070.7620254431
2020-05-07T16:03:18Z,78,59.143276,24.9789453,,20713.0,530172.5426546299
2020-05-07T16:03:49Z,78,59.1454472,24.982388,,20744.0,531193.8008528018
2020-05-07T16:04:20Z,80,59.1484126,24.9829651,,20775.0,532281.3328103324
2020-05-07T16:04:51Z,81,59.1516234,24.9828174,,20806.0,533453.3676339135
2020-05-07T16:05:21Z,82,59.1543556,24.9827367,,20836.0,534450.5366245086
2020-05-07T16:05:51Z,85,59.1558603,24.9826119,,20866.0,535000.1391367174
2020-05-07T16:06:22Z,85,59.1586131,24.9823961,,20897.0,536005.5223007568
2020-05-07T16:06:53Z,84,59.1624106,24.9824011,,20928.0,537391.3344459049
2020-05-07T16:07:23Z,83,59.1661646,24.9822142,,20958.0,538761.7179048726
2020-05-07T16:07:53Z,80,59.1701862,24.9821316,,20988.0,540229.3912230884
2020-05-07T16:08:24Z,80,59.1739173,24.9819385,,21019.0,541591.4506361061
2020-05-07T16:08:55Z,80,59.1781451,24.9817163,,21050.0,543134.8500570729
2020-05-07T16:09:26Z,74,59.1823432,24.9843014,,21081.0,544741.2853948827
2020-05-07T16:09:56Z,74,59.1864598,24.984918,,21111.0,546247.9614177059
2020-05-07T16:10:26Z,80,59.1887172,24.9849014,,21141.0,547071.7543558448
2020-05-07T16:10:57Z,75,59.1913059,24.9779887,,21172.0,548672.3450506498
2020-05-07T16:11:28Z,75,59.1945618,24.9722584,,21203.0,550271.9487550359
2020-05-07T16:11:58Z,77,59.1963952,24.9700186,,21233.0,551061.1562728372
2020-05-07T16:12:29Z,75,59.1958305,24.966375,,21264.0,551772.5717044504
2020-05-07T16:13:16Z,75,59.1958785,24.9669332,,21311.0,551878.349419324
2020-05-07T16:13:47Z,77,59.1979081,24.9704373,,21342.0,552866.9722062268
2020-05-07T16:14:18Z,68,59.2036489,24.9702286,,21373.0,554962.3103461765
2020-05-07T16:14:49Z,69,59.2045575,24.9702106,,21404.0,555293.900546414
2020-05-07T16:15:19Z,70,59.2079611,24.9716487,,21434.0,556564.6935047026
2020-05-07T16:15:50Z,69,59.214995,24.9690809,,21465.0,559175.9868529552
2020-05-07T16:16:20Z,64,59.2187334,24.9704552,,21495.0,560564.1670398967
2020-05-07T16:16:51Z,61,59.2233982,24.9708499,,21526.0,562268.07533845
2020-05-07T16:17:21Z,68,59.2242306,24.9695146,,21556.0,562661.0677590967
2020-05-07T16:17:52Z,62,59.2246709,24.9698616,,21587.0,562834.3177328553
